flash,ram,text,code,rodata,data,bss,dec,hex,filename
2500,4,2500,1464,1036,0,4,2504,`9c8,armino/cmsis/libcmsis.a
3835,56,3799,3560,239,36,20,3855,`f0f,armino/iperf/libiperf.a
82467,5012,81979,74356,7623,488,4524,86991,`153cf,armino/lwip_intf_v2_1/liblwip_intf_v2_1.a
5461,2912,5453,4260,1193,8,2904,8365,`20ad,armino/bk_wifi_driver/libbk_wifi_driver.a
12558,100,12558,7846,4712,0,100,12658,`3172,armino/bk_wifi/libbk_wifi.a
806650,28887,800348,581050,219298,6302,22585,829235,`ca733,/home/ubuntu/vm-home-backup/project/T5_TuyaOS-3.13.6/software/TuyaOS/libs/libtuyaos.a
7740,0,7740,7740,0,0,0,7740,`1e3c,/home/ubuntu/vm-home-backup/project/T5_TuyaOS-3.13.6/software/TuyaOS/vendor/T5/toolchain/gcc-arm-none-eabi-10.3-2021.10/bin/../lib/gcc/arm-none-eabi/10.3.1/thumb/v8-m.main+fp/hard/libgcc.a
41557,1450,40115,38566,1549,1442,8,41565,`a25d,/home/ubuntu/vm-home-backup/project/T5_TuyaOS-3.13.6/software/TuyaOS/vendor/T5/toolchain/gcc-arm-none-eabi-10.3-2021.10/bin/../lib/gcc/arm-none-eabi/10.3.1/../../../../arm-none-eabi/lib/thumb/v8-m.main+fp/hard/libc.a
221226,492,220734,13966,206768,492,0,221226,`3602a,/home/ubuntu/vm-home-backup/project/T5_TuyaOS-3.13.6/software/TuyaOS/libs/app_libs/libtutuClear.a
4052,296,4052,2824,1228,0,296,4348,`10fc,armino/cm33/libcm33.a
84185,6921,83565,70666,12899,620,6301,90486,`16176,armino/driver/libdriver.a
1274,76,1273,1192,81,1,75,1349,`545,armino/bk_system/libbk_system.a
473,4,473,336,137,0,4,477,`1dd,armino/bk_init/libbk_init.a
19548,9766,19155,15622,3533,393,9373,28921,`70f9,armino/bk_cli/libbk_cli.a
50011,4239,48667,38810,9857,1344,2895,52906,`ceaa,armino/tuyaos_adapter/libtuyaos_adapter.a
4247,90,4162,3884,278,85,5,4252,`109c,armino/bk7258_ap/libbk7258_ap.a
17001,228,16937,14900,2037,64,164,17165,`430d,armino/common/libcommon.a
251,32,251,246,5,0,32,283,`11b,armino/bk_startup/libbk_startup.a
2436,17,2436,1958,478,0,17,2453,`995,armino/bk_event/libbk_event.a
3585,73,3584,3080,504,1,72,3657,`e49,armino/bk_aud_param_ctrl/libbk_aud_param_ctrl.a
4329,20,4329,3286,1043,0,20,4349,`10fd,armino/aec_v3_algorithm/libaec_v3_algorithm.a
4162,52,4162,3000,1162,0,52,4214,`1076,armino/onboard_speaker_stream/libonboard_speaker_stream.a
3204,48,3204,2022,1182,0,48,3252,`cb4,armino/onboard_mic_stream/libonboard_mic_stream.a
3608,56,3608,2556,1052,0,56,3664,`e50,armino/onboard_dual_dmic_mic_stream/libonboard_dual_dmic_mic_stream.a
1602,795,840,840,0,762,33,1635,`663,armino/bk_pm/libbk_pm.a
14762,100,14762,8690,6072,0,100,14862,`3a0e,armino/bk_voice_service/libbk_voice_service.a
213,0,213,108,105,0,0,213,`d5,armino/ap/libap.a
103992,0,103992,37620,66372,0,0,103992,`19638,/home/ubuntu/vm-home-backup/project/T5_TuyaOS-3.13.6/software/TuyaOS/vendor/T5/t5_os/ap/components/bk_libs/bk7258_ap/libs/libaec_v3.a
6508,13,6508,5232,1276,0,13,6521,`1979,armino/bk_rtos/libbk_rtos.a
1404,160,1268,942,326,136,24,1428,`594,armino/media_service/libmedia_service.a
17023,877,17018,15492,1526,5,872,17895,`45e7,armino/os_source/libos_source.a
4655,648,4655,2362,2293,0,648,5303,`14b7,armino/coredump/libcoredump.a
4940,49,4916,3544,1372,24,25,4965,`1365,armino/display_service/libdisplay_service.a
13337,513,13332,8666,4666,5,508,13845,`3615,armino/bk_modem/libbk_modem.a
26670,5450,26661,22186,4475,9,5441,32111,`7d6f,armino/bk_usb/libbk_usb.a
284,0,284,28,256,0,0,284,`11c,armino/avdk_utils/libavdk_utils.a
66182,26783,39989,28924,11065,26193,590,66772,`104d4,armino/multimedia/libmultimedia.a
4703,433,4307,3246,1061,396,37,4740,`1284,armino/bk_bluetooth/libbk_bluetooth.a
729,65,729,660,69,0,65,794,`31a,armino/bk_netif/libbk_netif.a
4,0,4,4,0,0,0,4,`4,armino/http/libhttp.a
4,0,4,4,0,0,0,4,`4,armino/bk_common/libbk_common.a
2094,852,1966,1818,148,128,724,2818,`b02,armino/bk_vfs/libbk_vfs.a
2799,32,2799,2262,537,0,32,2831,`b0f,armino/media_utils/libmedia_utils.a
23449,75,23380,14770,8610,69,6,23455,`5b9f,armino/bk_peripheral/libbk_peripheral.a
6592,14,6592,5392,1200,0,14,6606,`19ce,armino/bk_dvp/libbk_dvp.a
11152,66,11152,8094,3058,0,66,11218,`2bd2,armino/bk_uvc/libbk_uvc.a
104832,18723,104822,91400,13422,10,18713,123545,`1e299,/home/ubuntu/vm-home-backup/project/T5_TuyaOS-3.13.6/software/TuyaOS/vendor/T5/t5_os/ap/components/bk_libs/bk7258_ap/libs/libbluetooth_host_ble_ap.a
20,4,20,20,0,0,4,24,`18,/home/ubuntu/vm-home-backup/project/T5_TuyaOS-3.13.6/software/TuyaOS/vendor/T5/t5_os/ap/components/bk_libs/bk7258_ap/libs/libaudio_osi.a
32,4,32,32,0,0,4,36,`24,/home/ubuntu/vm-home-backup/project/T5_TuyaOS-3.13.6/software/TuyaOS/vendor/T5/t5_os/ap/components/bk_libs/bk7258_ap/libs/libvideo_osi.a
18990,0,18990,17492,1498,0,0,18990,`4a2e,/home/ubuntu/vm-home-backup/project/T5_TuyaOS-3.13.6/software/TuyaOS/vendor/T5/toolchain/gcc-arm-none-eabi-10.3-2021.10/bin/../lib/gcc/arm-none-eabi/10.3.1/../../../../arm-none-eabi/lib/thumb/v8-m.main+fp/hard/libm.a
148,0,148,148,0,0,0,148,`94,/home/ubuntu/vm-home-backup/project/T5_TuyaOS-3.13.6/software/TuyaOS/vendor/T5/toolchain/gcc-arm-none-eabi-10.3-2021.10/bin/../lib/gcc/arm-none-eabi/10.3.1/../../../../arm-none-eabi/lib/thumb/v8-m.main+fp/hard/libnosys.a
15180,4,15180,11926,3254,0,4,15184,`3b50,armino/audio_pipeline/libaudio_pipeline.a
832,0,832,446,386,0,0,832,`340,armino/audio_utils/libaudio_utils.a
576,0,576,418,158,0,0,576,`240,armino/g711_decoder/libg711_decoder.a
568,0,568,410,158,0,0,568,`238,armino/g711_encoder/libg711_encoder.a
518,88,518,380,138,0,88,606,`25e,armino/raw_stream/libraw_stream.a
5176,44,5176,3176,2000,0,44,5220,`1464,armino/uac_mic_stream/libuac_mic_stream.a
5675,44,5675,3572,2103,0,44,5719,`1657,armino/uac_speaker_stream/libuac_speaker_stream.a
18373,0,18373,17372,1001,0,0,18373,`47c5,/home/ubuntu/vm-home-backup/project/T5_TuyaOS-3.13.6/software/TuyaOS/vendor/T5/t5_os/ap/components/bk_libs/bk7258_ap/libs/libtjpg_sram.a
1000,0,1000,1000,0,0,0,1000,`3e8,/home/ubuntu/vm-home-backup/project/T5_TuyaOS-3.13.6/software/TuyaOS/vendor/T5/t5_os/ap/components/bk_libs/bk7258_ap/libs/libscale_sram.a
244,32,212,212,0,32,0,244,`f4,/home/ubuntu/vm-home-backup/project/T5_TuyaOS-3.13.6/software/TuyaOS/vendor/T5/t5_os/ap/components/bk_libs/bk7258_ap/libs/libg711.a
